{"cameraMode":{"drawMode":0,"name":"Shaded","section":"Shading Mode"},"sceneLighting":true,"audioPlay":false,"sceneViewState":{"m_AlwaysRefresh":false,"showFog":true,"showSkybox":true,"showFlares":true,"showImageEffects":true,"showParticleSystems":true,"showVisualEffectGraphs":true,"m_FxEnabled":true},"in2DMode":false,"pivot":{"x":-1.213100552558899,"y":-3.1051907539367677,"z":2.370708465576172},"rotation":{"x":0.678998589515686,"y":-0.0011012200266122819,"z":0.001018498558551073,"w":0.7341383695602417},"size":13.581666946411133,"orthographic":false}