{"cameraMode":{"drawMode":0,"name":"Shaded","section":"Shading Mode"},"sceneLighting":true,"audioPlay":false,"sceneViewState":{"m_AlwaysRefresh":false,"showFog":true,"showSkybox":true,"showFlares":true,"showImageEffects":true,"showParticleSystems":true,"showVisualEffectGraphs":true,"m_FxEnabled":true},"in2DMode":false,"pivot":{"x":-0.3772315979003906,"y":0.004607677459716797,"z":4.706945419311523},"rotation":{"x":0.3509002923965454,"y":-0.22434213757514954,"z":0.08698738366365433,"w":0.9049741625785828},"size":10.82324504852295,"orthographic":false}